,work_year,full_time_employee,salary_in_usd,US_resident,remote_ratio,US_location,Entry_Exp,Expert_Exp,Mid_Exp, Senior_Exp,Data Analyst,Data Engineer,Data Scientist,Machine Learning Engineer,USD,EUR,GBP,INR,Other_Currency,Large_Company,Midsize_Company,Small_Company
0,2020,1,98000,1,0,1,0,0,1,0,1,0,0,0,1,0,0,0,0,0,1,0
1,2021,1,150000,0,100,1,0,1,0,0,1,0,0,0,1,0,0,0,0,1,0,0
2,2021,1,100000,1,100,1,0,0,1,0,1,0,0,0,1,0,0,0,0,0,1,0
3,2021,1,36259,0,50,1,0,0,1,0,1,0,0,0,0,0,0,0,1,1,0,0
4,2021,1,55000,1,50,1,1,0,0,0,1,0,0,0,1,0,0,0,0,0,0,1
5,2021,1,9272,0,100,0,1,0,0,0,1,0,0,0,1,0,0,0,0,0,0,1
6,2020,1,135000,1,100,1,0,0,1,0,1,0,0,0,1,0,0,0,0,1,0,0
7,2020,0,100000,1,100,1,1,0,0,0,1,0,0,0,1,0,0,0,0,1,0,0
8,2021,1,59102,0,100,0,1,0,0,0,1,0,0,0,0,1,0,0,0,1,0,0
9,2022,1,18442,0,100,0,0,0,1,0,1,0,0,0,0,0,0,1,0,0,1,0
10,2022,1,70912,0,50,0,0,0,1,0,1,0,0,0,0,0,0,0,1,1,0,0
11,2020,1,72000,1,100,1,1,0,0,0,1,0,0,0,1,0,0,0,0,1,0,0
12,2020,1,85000,1,100,1,0,0,1,0,1,0,0,0,1,0,0,0,0,1,0,0
13,2020,1,8000,0,50,0,0,0,1,0,1,0,0,0,1,0,0,0,0,1,0,0
14,2020,1,46759,0,50,0,0,0,1,0,1,0,0,0,0,1,0,0,0,1,0,0
15,2020,1,10000,0,100,0,1,0,0,0,1,0,0,0,1,0,0,0,0,0,0,1
16,2020,1,6072,0,0,0,1,0,0,0,1,0,0,0,0,0,0,1,0,0,0,1
17,2020,1,91000,1,100,1,1,0,0,0,1,0,0,0,1,0,0,0,0,1,0,0
18,2021,1,80000,1,100,1,1,0,0,0,1,0,0,0,1,0,0,0,0,0,1,0
19,2021,1,59102,0,50,0,1,0,0,0,1,0,0,0,0,1,0,0,0,0,1,0
20,2021,1,80000,0,100,1,0,0,0,1,1,0,0,0,1,0,0,0,0,0,0,1
21,2021,1,75000,1,0,1,0,0,1,0,1,0,0,0,1,0,0,0,0,1,0,0
22,2021,1,62000,1,0,1,0,0,1,0,1,0,0,0,1,0,0,0,0,1,0,0
23,2021,1,51519,0,50,0,0,0,1,0,1,0,0,0,0,0,1,0,0,1,0,0
24,2021,1,90000,1,100,1,1,0,0,0,1,0,0,0,1,0,0,0,0,0,0,1
25,2021,1,50000,1,100,1,1,0,0,0,1,0,0,0,1,0,0,0,0,0,1,0
26,2021,0,10354,0,50,0,1,0,0,0,1,0,0,0,0,1,0,0,0,0,1,0
27,2021,1,90000,1,100,1,0,0,1,0,1,0,0,0,1,0,0,0,0,0,1,0
28,2021,1,135000,1,100,1,0,0,1,0,1,0,0,0,1,0,0,0,0,1,0,0
29,2021,1,60000,1,100,1,1,0,0,0,1,0,0,0,1,0,0,0,0,0,0,1
30,2021,1,71786,0,100,0,0,0,0,1,1,0,0,0,0,0,0,0,1,0,1,0
31,2021,1,200000,1,100,1,0,0,0,1,1,0,0,0,1,0,0,0,0,1,0,0
32,2021,1,80000,1,100,1,0,0,1,0,1,0,0,0,1,0,0,0,0,1,0,0
33,2021,1,93000,1,100,1,0,0,1,0,1,0,0,0,1,0,0,0,0,1,0,0
34,2021,1,63831,0,50,0,0,0,0,1,1,0,0,0,0,1,0,0,0,1,0,0
35,2022,1,155000,1,100,1,0,0,0,1,1,0,0,0,1,0,0,0,0,0,1,0
36,2022,1,120600,1,100,1,0,0,0,1,1,0,0,0,1,0,0,0,0,0,1,0
37,2022,1,102100,1,100,1,0,0,0,1,1,0,0,0,1,0,0,0,0,0,1,0
38,2022,1,84900,1,100,1,0,0,0,1,1,0,0,0,1,0,0,0,0,0,1,0
39,2022,1,99000,1,0,1,0,0,0,1,1,0,0,0,1,0,0,0,0,0,1,0
40,2022,1,116000,1,0,1,0,0,0,1,1,0,0,0,1,0,0,0,0,0,1,0
41,2022,1,106260,1,0,1,0,0,1,0,1,0,0,0,1,0,0,0,0,0,1,0
42,2022,1,126500,1,0,1,0,0,1,0,1,0,0,0,1,0,0,0,0,0,1,0
43,2022,1,90320,1,100,1,0,0,0,1,1,0,0,0,1,0,0,0,0,0,1,0
44,2022,1,124190,1,100,1,0,0,0,1,1,0,0,0,1,0,0,0,0,0,1,0
45,2022,1,130000,1,100,1,0,1,0,0,1,0,0,0,1,0,0,0,0,0,1,0
46,2022,1,110000,1,100,1,0,1,0,0,1,0,0,0,1,0,0,0,0,0,1,0
47,2022,1,170000,1,100,1,0,0,0,1,1,0,0,0,1,0,0,0,0,0,1,0
48,2022,1,115500,1,100,1,0,0,1,0,1,0,0,0,1,0,0,0,0,0,1,0
49,2022,1,112900,1,100,1,0,0,0,1,1,0,0,0,1,0,0,0,0,0,1,0
50,2022,1,90320,1,100,1,0,0,0,1,1,0,0,0,1,0,0,0,0,0,1,0
51,2022,1,112900,1,100,1,0,0,0,1,1,0,0,0,1,0,0,0,0,0,1,0
52,2022,1,90320,1,100,1,0,0,0,1,1,0,0,0,1,0,0,0,0,0,1,0
53,2022,1,167000,1,100,1,0,0,1,0,1,0,0,0,1,0,0,0,0,0,1,0
54,2022,1,136600,1,100,1,0,0,0,1,1,0,0,0,1,0,0,0,0,0,1,0
55,2022,1,109280,1,100,1,0,0,0,1,1,0,0,0,1,0,0,0,0,0,1,0
56,2022,1,135000,1,100,1,0,0,0,1,1,0,0,0,1,0,0,0,0,0,1,0
57,2022,1,130000,0,100,0,0,0,0,1,1,0,0,0,1,0,0,0,0,0,1,0
58,2022,1,61300,0,100,0,0,0,0,1,1,0,0,0,1,0,0,0,0,0,1,0
59,2022,1,130000,0,100,0,0,0,0,1,1,0,0,0,1,0,0,0,0,0,1,0
60,2022,1,61300,0,100,0,0,0,0,1,1,0,0,0,1,0,0,0,0,0,1,0
61,2022,1,58000,1,0,1,0,0,1,0,1,0,0,0,1,0,0,0,0,0,0,1
62,2022,1,132000,1,0,1,0,0,0,1,1,0,0,0,1,0,0,0,0,0,1,0
63,2022,1,128875,1,100,1,0,0,0,1,1,0,0,0,1,0,0,0,0,0,1,0
64,2022,1,93700,1,100,1,0,0,0,1,1,0,0,0,1,0,0,0,0,0,1,0
65,2022,1,164000,1,0,1,0,0,0,1,1,0,0,0,1,0,0,0,0,0,1,0
66,2022,1,112900,1,100,1,0,0,0,1,1,0,0,0,1,0,0,0,0,0,1,0
67,2022,1,90320,1,100,1,0,0,0,1,1,0,0,0,1,0,0,0,0,0,1,0
68,2022,1,115934,1,0,1,0,0,0,1,1,0,0,0,1,0,0,0,0,0,1,0
69,2022,1,81666,1,0,1,0,0,0,1,1,0,0,0,1,0,0,0,0,0,1,0
70,2022,1,58000,1,0,1,0,0,1,0,1,0,0,0,1,0,0,0,0,0,0,1
71,2022,1,52351,0,100,0,0,0,1,0,1,0,0,0,0,0,1,0,0,0,1,0
72,2022,1,39263,0,100,0,0,0,1,0,1,0,0,0,0,0,1,0,0,0,1,0
73,2022,1,43966,0,100,0,0,0,1,0,1,0,0,0,0,1,0,0,0,0,1,0
74,2022,1,32974,0,100,0,0,0,1,0,1,0,0,0,0,1,0,0,0,0,1,0
75,2022,1,43966,0,100,0,0,0,1,0,1,0,0,0,0,1,0,0,0,0,1,0
76,2022,1,32974,0,100,0,0,0,1,0,1,0,0,0,0,1,0,0,0,0,1,0
77,2022,1,135000,1,100,1,0,0,1,0,1,0,0,0,1,0,0,0,0,0,1,0
78,2022,1,50000,1,100,1,0,0,1,0,1,0,0,0,1,0,0,0,0,0,1,0
79,2022,1,20000,0,100,0,0,0,1,0,1,0,0,0,1,0,0,0,0,0,0,1
80,2022,1,135000,1,100,1,0,0,0,1,1,0,0,0,1,0,0,0,0,0,1,0
81,2022,1,100000,1,100,1,0,0,0,1,1,0,0,0,1,0,0,0,0,0,1,0
82,2022,1,90320,1,100,1,0,0,0,1,1,0,0,0,1,0,0,0,0,0,1,0
83,2022,1,85000,0,0,0,0,0,1,0,1,0,0,0,1,0,0,0,0,0,1,0
84,2022,1,75000,0,0,0,0,0,1,0,1,0,0,0,1,0,0,0,0,0,1,0
85,2022,1,112900,1,100,1,0,0,0,1,1,0,0,0,1,0,0,0,0,0,1,0
86,2022,1,115934,1,100,1,0,0,0,1,1,0,0,0,1,0,0,0,0,0,1,0
87,2022,1,81666,1,100,1,0,0,0,1,1,0,0,0,1,0,0,0,0,0,1,0
88,2022,1,99050,1,100,1,0,0,0,1,1,0,0,0,1,0,0,0,0,0,1,0
89,2022,1,116150,1,100,1,0,0,0,1,1,0,0,0,1,0,0,0,0,0,1,0
90,2022,1,170000,1,100,1,0,0,0,1,1,0,0,0,1,0,0,0,0,0,1,0
91,2022,1,65438,0,0,0,0,0,1,0,1,0,0,0,0,0,1,0,0,0,1,0
92,2022,1,80000,1,100,1,0,0,0,1,1,0,0,0,1,0,0,0,0,0,1,0
93,2022,1,100000,1,100,1,0,0,0,1,1,0,0,0,1,0,0,0,0,0,1,0
94,2022,1,69000,1,100,1,0,0,0,1,1,0,0,0,1,0,0,0,0,0,1,0
95,2022,1,150075,1,100,1,0,0,0,1,1,0,0,0,1,0,0,0,0,0,1,0
96,2022,1,126500,1,100,1,0,0,0,1,1,0,0,0,1,0,0,0,0,0,1,0
97,2022,1,106260,1,100,1,0,0,0,1,1,0,0,0,1,0,0,0,0,0,1,0
98,2022,1,105000,1,100,1,0,0,0,1,1,0,0,0,1,0,0,0,0,0,1,0
99,2022,1,110925,1,100,1,0,0,0,1,1,0,0,0,1,0,0,0,0,0,1,0
100,2022,1,45807,0,0,0,0,0,1,0,1,0,0,0,0,0,1,0,0,0,1,0
101,2022,1,99000,1,0,1,0,0,0,1,1,0,0,0,1,0,0,0,0,0,1,0
102,2022,1,60000,1,100,1,0,0,0,1,1,0,0,0,1,0,0,0,0,0,1,0
103,2022,1,170000,1,100,1,0,0,0,1,1,0,0,0,1,0,0,0,0,0,1,0
104,2022,1,67000,0,0,0,1,0,0,0,1,0,0,0,1,0,0,0,0,0,1,0
105,2022,1,52000,0,0,0,1,0,0,0,1,0,0,0,1,0,0,0,0,0,1,0
106,2022,1,129000,1,0,1,0,0,0,1,1,0,0,0,1,0,0,0,0,0,1,0
107,2022,1,150000,1,100,1,0,0,0,1,1,0,0,0,1,0,0,0,0,0,1,0
108,2021,1,79197,0,100,0,0,0,0,1,1,0,0,0,0,1,0,0,0,1,0,0
109,2021,1,110000,1,100,1,0,0,1,0,1,0,0,0,1,0,0,0,0,1,0,0
110,2021,1,50000,0,100,0,0,0,0,1,1,0,0,0,1,0,0,0,0,0,1,0
111,2022,1,20000,0,0,0,1,0,0,0,1,0,0,0,1,0,0,0,0,0,1,0
112,2022,1,405000,1,100,1,0,0,0,1,1,0,0,0,1,0,0,0,0,1,0,0
113,2021,1,120000,1,100,1,0,0,0,1,1,0,0,0,1,0,0,0,0,0,1,0
114,2021,1,120000,1,0,1,0,0,0,1,1,0,0,0,1,0,0,0,0,1,0,0
115,2021,1,140000,1,100,1,0,0,0,1,1,0,0,0,1,0,0,0,0,1,0,0
116,2022,1,145000,1,100,1,0,0,0,1,1,0,0,0,1,0,0,0,0,0,1,0
117,2022,1,105400,1,100,1,0,0,0,1,1,0,0,0,1,0,0,0,0,0,1,0
118,2022,1,150260,1,100,1,0,0,0,1,1,0,0,0,1,0,0,0,0,0,1,0
119,2022,1,109280,1,100,1,0,0,0,1,1,0,0,0,1,0,0,0,0,0,1,0
120,2021,1,61896,0,50,0,0,0,0,1,1,0,0,0,0,0,1,0,0,1,0,0
121,2021,1,450000,1,100,1,0,0,1,0,1,0,0,0,1,0,0,0,0,1,0,0
122,2022,1,100000,1,50,1,1,0,0,0,1,0,0,0,1,0,0,0,0,1,0,0
123,2020,1,87000,1,100,1,0,0,1,0,1,0,0,0,1,0,0,0,0,1,0,0
124,2021,1,170000,1,100,1,0,0,0,1,1,0,0,0,1,0,0,0,0,1,0,0
125,2021,1,19609,0,100,0,0,0,1,0,1,0,0,0,0,0,0,1,0,1,0,0
126,2021,1,88654,0,100,0,0,0,0,1,1,0,0,0,0,1,0,0,0,1,0,0
127,2021,1,170000,1,100,1,0,0,0,1,1,0,0,0,1,0,0,0,0,0,1,0
128,2022,1,75000,0,100,0,0,0,1,0,1,0,0,0,1,0,0,0,0,0,0,1
129,2020,1,20000,0,0,0,0,0,1,0,1,0,0,0,1,0,0,0,0,0,0,1
130,2020,1,6072,0,100,0,0,0,1,0,1,0,0,0,0,0,0,1,0,1,0,0
131,2022,1,175000,1,100,1,0,1,0,0,0,1,0,0,1,0,0,0,0,0,1,0
132,2022,1,135000,1,100,1,0,1,0,0,0,1,0,0,1,0,0,0,0,0,1,0
133,2022,1,205300,1,0,1,0,0,0,1,0,1,0,0,1,0,0,0,0,0,1,0
134,2022,1,184700,1,0,1,0,0,0,1,0,1,0,0,1,0,0,0,0,0,1,0
135,2021,1,99703,0,50,0,0,0,0,1,0,1,0,0,0,0,0,0,1,0,1,0
136,2020,1,109024,0,50,0,0,0,0,1,0,1,0,0,0,0,1,0,0,0,1,0
137,2020,1,114047,0,100,0,0,0,0,1,0,1,0,0,0,1,0,0,0,0,0,1
138,2020,1,70000,1,100,1,1,0,0,0,0,1,0,0,1,0,0,0,0,1,0,0
139,2021,1,60000,0,50,0,0,0,1,0,0,1,0,0,1,0,0,0,0,0,1,0
140,2021,1,22611,0,0,0,0,0,1,0,0,1,0,0,0,0,0,1,0,1,0,0
141,2021,1,18000,0,0,0,0,0,1,0,0,1,0,0,1,0,0,0,0,0,0,1
142,2021,1,5882,0,0,0,1,0,0,0,0,1,0,0,0,0,0,1,0,1,0,0
143,2021,1,16228,0,100,0,1,0,0,0,0,1,0,0,0,0,0,1,0,1,0,0
144,2021,1,89294,0,50,0,0,0,1,0,0,1,0,0,0,0,0,0,1,1,0,0
145,2021,1,160000,0,100,1,0,0,0,1,0,1,0,0,1,0,0,0,0,0,0,1
146,2021,1,150000,1,100,1,0,0,1,0,0,1,0,0,1,0,0,0,0,1,0,0
147,2021,1,170000,1,100,1,0,0,1,0,0,1,0,0,1,0,0,0,0,1,0,0
148,2021,1,180000,1,100,1,0,0,1,0,0,1,0,0,1,0,0,0,0,1,0,0
149,2022,1,192400,0,100,0,0,0,0,1,0,1,0,0,1,0,0,0,0,0,1,0
150,2022,1,90700,0,100,0,0,0,0,1,0,1,0,0,1,0,0,0,0,0,1,0
151,2022,1,208775,1,100,1,0,0,0,1,0,1,0,0,1,0,0,0,0,0,1,0
152,2022,1,147800,1,100,1,0,0,0,1,0,1,0,0,1,0,0,0,0,0,1,0
153,2022,1,266400,1,100,1,0,0,0,1,0,1,0,0,1,0,0,0,0,0,1,0
154,2022,1,213120,1,100,1,0,0,0,1,0,1,0,0,1,0,0,0,0,0,1,0
155,2022,1,192564,1,100,1,0,0,0,1,0,1,0,0,1,0,0,0,0,0,1,0
156,2022,1,144854,1,100,1,0,0,0,1,0,1,0,0,1,0,0,0,0,0,1,0
157,2020,1,41689,0,100,0,1,0,0,0,0,1,0,0,0,0,0,0,1,0,0,1
158,2020,1,47899,0,50,0,0,0,0,1,0,1,0,0,0,1,0,0,0,1,0,0
159,2020,1,33511,0,0,0,0,0,0,1,0,1,0,0,0,0,0,0,1,0,0,1
160,2020,1,74130,0,50,0,0,0,1,0,0,1,0,0,0,1,0,0,0,1,0,0
161,2020,1,106000,1,100,1,0,0,1,0,0,1,0,0,1,0,0,0,0,1,0,0
162,2020,1,112872,0,50,0,0,0,1,0,0,1,0,0,0,0,1,0,0,1,0,0
163,2020,1,188000,1,100,1,0,0,0,1,0,1,0,0,1,0,0,0,0,1,0,0
164,2020,1,70139,0,50,0,0,0,1,0,0,1,0,0,0,1,0,0,0,1,0,0
165,2020,1,54742,0,100,0,1,0,0,0,0,1,0,0,0,1,0,0,0,1,0,0
166,2020,1,110000,1,100,1,0,0,1,0,0,1,0,0,1,0,0,0,0,1,0,0
167,2020,1,130800,0,100,1,0,0,1,0,0,1,0,0,1,0,0,0,0,0,1,0
168,2021,1,140000,1,100,1,0,0,1,0,0,1,0,0,1,0,0,0,0,1,0,0
169,2021,1,28476,0,100,0,0,0,1,0,0,1,0,0,0,0,0,0,1,1,0,0
170,2021,1,150000,1,100,1,0,0,0,1,0,1,0,0,1,0,0,0,0,1,0,0
171,2021,1,115000,1,100,1,0,0,0,1,0,1,0,0,1,0,0,0,0,0,0,1
172,2021,1,150000,1,100,1,0,0,0,1,0,1,0,0,1,0,0,0,0,0,1,0
173,2021,1,30428,0,100,0,1,0,0,0,0,1,0,0,0,0,0,1,0,1,0,0
174,2021,1,45391,0,100,0,0,0,1,0,0,1,0,0,0,1,0,0,0,1,0,0
175,2021,1,200000,1,100,1,0,0,1,0,0,1,0,0,1,0,0,0,0,1,0,0
176,2021,1,100000,1,100,1,0,0,1,0,0,1,0,0,1,0,0,0,0,1,0,0
177,2021,1,90000,1,100,1,0,0,1,0,0,1,0,0,1,0,0,0,0,1,0,0
178,2021,1,28369,0,50,0,0,0,1,0,0,1,0,0,0,1,0,0,0,1,0,0
179,2021,1,80000,1,100,1,1,0,0,0,0,1,0,0,1,0,0,0,0,1,0,0
180,2021,1,82528,0,100,0,0,0,1,0,0,1,0,0,0,0,1,0,0,1,0,0
181,2021,1,26005,0,0,1,0,0,1,0,0,1,0,0,0,1,0,0,0,1,0,0
182,2021,1,4000,0,100,0,0,0,1,0,0,1,0,0,1,0,0,0,0,0,1,0
183,2021,1,76833,0,50,0,0,0,0,1,0,1,0,0,0,1,0,0,0,0,0,1
184,2021,1,165000,1,0,1,0,0,0,1,0,1,0,0,1,0,0,0,0,0,1,0
185,2021,0,20000,0,0,1,0,0,1,0,0,1,0,0,1,0,0,0,0,1,0,0
186,2021,1,66022,0,50,0,0,0,1,0,0,1,0,0,0,0,1,0,0,0,0,1
187,2021,1,21637,0,50,0,1,0,0,0,0,1,0,0,0,0,0,1,0,0,1,0
188,2021,1,110000,1,100,1,0,0,1,0,0,1,0,0,1,0,0,0,0,1,0,0
189,2021,1,72212,0,50,0,0,0,1,0,0,1,0,0,0,0,1,0,0,1,0,0
190,2021,1,12103,0,0,0,0,0,1,0,0,1,0,0,0,0,0,0,1,0,1,0
191,2021,1,96282,0,50,0,0,0,0,1,0,1,0,0,0,0,1,0,0,1,0,0
192,2021,1,200000,1,100,1,0,0,1,0,0,1,0,0,1,0,0,0,0,1,0,0
193,2021,1,93150,1,0,1,0,0,1,0,0,1,0,0,1,0,0,0,0,0,1,0
194,2021,1,111775,1,0,1,0,0,1,0,0,1,0,0,1,0,0,0,0,0,1,0
195,2021,1,28016,0,100,0,0,0,1,0,0,1,0,0,0,0,0,0,1,0,1,0
196,2021,1,65013,0,50,0,1,0,0,0,0,1,0,0,0,1,0,0,0,0,1,0
197,2021,1,72500,1,100,1,1,0,0,0,0,1,0,0,1,0,0,0,0,1,0,0
198,2021,1,112000,1,100,1,0,0,1,0,0,1,0,0,1,0,0,0,0,1,0,0
199,2021,0,69741,0,100,0,0,0,1,0,0,1,0,0,0,1,0,0,0,1,0,0
200,2022,1,135000,1,100,1,0,0,0,1,0,1,0,0,1,0,0,0,0,0,1,0
201,2022,1,170000,1,100,1,0,0,1,0,0,1,0,0,1,0,0,0,0,0,1,0
202,2022,1,150000,1,100,1,0,0,1,0,0,1,0,0,1,0,0,0,0,0,1,0
203,2022,1,52351,0,100,0,1,0,0,0,0,1,0,0,0,0,1,0,0,0,1,0
204,2022,1,242000,1,100,1,0,1,0,0,0,1,0,0,1,0,0,0,0,0,1,0
205,2022,1,200000,1,100,1,0,1,0,0,0,1,0,0,1,0,0,0,0,0,1,0
206,2022,1,78526,0,0,0,0,0,1,0,0,1,0,0,0,0,1,0,0,0,1,0
207,2022,1,52351,0,0,0,0,0,1,0,0,1,0,0,0,0,1,0,0,0,1,0
208,2022,1,45807,0,100,0,1,0,0,0,0,1,0,0,0,0,1,0,0,0,1,0
209,2022,1,181940,1,0,1,0,0,0,1,0,1,0,0,1,0,0,0,0,0,1,0
210,2022,1,132320,1,0,1,0,0,0,1,0,1,0,0,1,0,0,0,0,0,1,0
211,2022,1,220110,1,0,1,0,0,0,1,0,1,0,0,1,0,0,0,0,0,1,0
212,2022,1,160080,1,0,1,0,0,0,1,0,1,0,0,1,0,0,0,0,0,1,0
213,2022,1,165400,1,100,1,0,0,0,1,0,1,0,0,1,0,0,0,0,0,1,0
214,2022,1,132320,1,100,1,0,0,0,1,0,1,0,0,1,0,0,0,0,0,1,0
215,2022,1,243900,1,100,1,0,0,0,1,0,1,0,0,1,0,0,0,0,0,1,0
216,2022,1,128875,1,100,1,0,0,0,1,0,1,0,0,1,0,0,0,0,0,1,0
217,2022,1,93700,1,100,1,0,0,0,1,0,1,0,0,1,0,0,0,0,0,1,0
218,2022,1,156600,1,100,1,0,0,0,1,0,1,0,0,1,0,0,0,0,0,1,0
219,2022,1,108800,1,0,1,0,0,0,1,0,1,0,0,1,0,0,0,0,0,1,0
220,2022,1,113000,1,0,1,0,0,0,1,0,1,0,0,1,0,0,0,0,1,0,0
221,2022,1,78526,0,0,0,0,0,0,1,0,1,0,0,0,0,1,0,0,0,1,0
222,2022,1,65438,0,0,0,0,0,0,1,0,1,0,0,0,0,1,0,0,0,1,0
223,2022,1,160000,1,0,1,0,0,0,1,0,1,0,0,1,0,0,0,0,1,0,0
224,2022,1,136000,1,0,1,0,0,0,1,0,1,0,0,1,0,0,0,0,0,1,0
225,2022,1,165400,1,100,1,0,0,0,1,0,1,0,0,1,0,0,0,0,0,1,0
226,2022,1,136994,1,100,1,0,0,0,1,0,1,0,0,1,0,0,0,0,0,1,0
227,2022,1,101570,1,100,1,0,0,0,1,0,1,0,0,1,0,0,0,0,0,1,0
228,2022,1,132320,1,100,1,0,0,0,1,0,1,0,0,1,0,0,0,0,0,1,0
229,2022,1,155000,1,100,1,0,0,0,1,0,1,0,0,1,0,0,0,0,0,1,0
230,2022,1,117789,0,0,0,0,0,1,0,0,1,0,0,0,0,1,0,0,0,1,0
231,2022,1,209100,1,100,1,0,0,0,1,0,1,0,0,1,0,0,0,0,1,0,0
232,2022,1,154600,1,100,1,0,0,0,1,0,1,0,0,1,0,0,0,0,1,0,0
233,2022,1,175000,1,100,1,0,0,0,1,0,1,0,0,1,0,0,0,0,0,1,0
234,2022,1,98158,0,0,0,0,0,1,0,0,1,0,0,0,0,1,0,0,0,1,0
235,2022,1,183600,1,100,1,0,0,0,1,0,1,0,0,1,0,0,0,0,1,0,0
236,2022,1,65949,0,100,0,0,0,1,0,0,1,0,0,0,1,0,0,0,0,1,0
237,2022,1,49461,0,100,0,0,0,1,0,0,1,0,0,0,1,0,0,0,0,1,0
238,2022,1,78526,0,100,0,0,0,1,0,0,1,0,0,0,0,1,0,0,0,1,0
239,2022,1,58894,0,100,0,0,0,1,0,0,1,0,0,0,0,1,0,0,0,1,0
240,2022,1,63900,1,0,1,0,0,1,0,0,1,0,0,1,0,0,0,0,0,1,0
241,2022,1,82900,1,0,1,0,0,1,0,0,1,0,0,1,0,0,0,0,0,1,0
242,2022,1,100800,1,100,1,0,0,0,1,0,1,0,0,1,0,0,0,0,1,0,0
243,2022,1,49461,0,100,0,0,0,1,0,0,1,0,0,0,1,0,0,0,0,1,0
244,2022,1,87932,0,100,0,0,0,1,0,0,1,0,0,0,1,0,0,0,0,1,0
245,2022,1,76940,0,100,0,0,0,1,0,0,1,0,0,0,1,0,0,0,0,1,0
246,2022,1,104702,0,100,0,0,0,1,0,0,1,0,0,0,0,1,0,0,0,1,0
247,2022,1,91614,0,100,0,0,0,1,0,0,1,0,0,0,0,1,0,0,0,1,0
248,2022,1,65949,0,100,0,0,0,1,0,0,1,0,0,0,1,0,0,0,0,1,0
249,2022,1,87932,0,100,0,0,0,1,0,0,1,0,0,0,1,0,0,0,0,1,0
250,2022,1,98158,0,100,0,0,0,1,0,0,1,0,0,0,0,1,0,0,0,1,0
251,2022,1,78526,0,100,0,0,0,1,0,0,1,0,0,0,0,1,0,0,0,1,0
252,2022,1,76940,0,100,0,0,0,1,0,0,1,0,0,0,1,0,0,0,0,1,0
253,2022,1,209100,1,100,1,0,0,0,1,0,1,0,0,1,0,0,0,0,1,0,0
254,2022,1,154600,1,100,1,0,0,0,1,0,1,0,0,1,0,0,0,0,1,0,0
255,2022,1,180000,1,100,1,0,0,0,1,0,1,0,0,1,0,0,0,0,0,1,0
256,2022,1,80000,1,100,1,0,0,0,1,0,1,0,0,1,0,0,0,0,0,1,0
257,2022,1,105000,1,100,1,0,0,0,1,0,1,0,0,1,0,0,0,0,0,1,0
258,2022,0,54957,0,50,0,0,0,1,0,0,1,0,0,0,1,0,0,0,1,0,0
259,2022,1,120000,1,100,1,1,0,0,0,0,1,0,0,1,0,0,0,0,0,1,0
260,2022,1,100000,1,100,1,0,0,0,1,0,1,0,0,1,0,0,0,0,0,1,0
261,2022,1,324000,1,100,1,0,1,0,0,0,1,0,0,1,0,0,0,0,0,1,0
262,2022,1,216000,1,100,1,0,1,0,0,0,1,0,0,1,0,0,0,0,0,1,0
263,2022,1,210000,1,100,1,0,0,0,1,0,1,0,0,1,0,0,0,0,0,1,0
264,2022,1,58035,0,100,0,1,0,0,0,0,1,0,0,0,1,0,0,0,0,1,0
265,2022,1,115000,1,100,1,0,0,0,1,0,1,0,0,1,0,0,0,0,0,1,0
266,2022,1,65000,1,100,1,1,0,0,0,0,1,0,0,1,0,0,0,0,0,0,1
267,2022,1,68147,0,100,0,0,0,1,0,0,1,0,0,0,1,0,0,0,0,1,0
268,2022,1,155000,1,100,1,0,0,0,1,0,1,0,0,1,0,0,0,0,0,1,0
269,2022,1,206699,1,0,1,0,0,1,0,0,1,0,0,1,0,0,0,0,0,1,0
270,2022,1,99100,1,0,1,0,0,1,0,0,1,0,0,1,0,0,0,0,0,1,0
271,2022,1,130000,1,100,1,0,0,0,1,0,1,0,0,1,0,0,0,0,0,1,0
272,2022,1,115000,1,100,1,0,0,0,1,0,1,0,0,1,0,0,0,0,0,1,0
273,2022,1,110500,1,100,1,0,0,0,1,0,1,0,0,1,0,0,0,0,0,1,0
274,2022,1,130000,1,100,1,0,0,0,1,0,1,0,0,1,0,0,0,0,0,1,0
275,2022,1,160000,1,100,1,0,0,0,1,0,1,0,0,1,0,0,0,0,0,1,0
276,2022,1,200100,1,100,1,0,0,0,1,0,1,0,0,1,0,0,0,0,0,1,0
277,2022,1,160000,1,100,1,0,0,0,1,0,1,0,0,1,0,0,0,0,0,1,0
278,2022,1,145000,1,100,1,0,0,0,1,0,1,0,0,1,0,0,0,0,0,1,0
279,2022,1,70500,1,0,1,0,0,0,1,0,1,0,0,1,0,0,0,0,0,1,0
280,2022,1,175100,1,100,1,0,0,0,1,0,1,0,0,1,0,0,0,0,0,1,0
281,2022,1,140250,1,100,1,0,0,0,1,0,1,0,0,1,0,0,0,0,0,1,0
282,2022,1,54000,1,0,1,0,0,0,1,0,1,0,0,1,0,0,0,0,0,1,0
283,2022,1,100000,1,100,1,0,0,0,1,0,1,0,0,1,0,0,0,0,0,1,0
284,2022,1,25000,1,100,1,0,0,0,1,0,1,0,0,1,0,0,0,0,0,1,0
285,2022,1,220110,1,100,1,0,0,0,1,0,1,0,0,1,0,0,0,0,0,1,0
286,2022,1,160080,1,100,1,0,0,0,1,0,1,0,0,1,0,0,0,0,0,1,0
287,2022,1,154000,1,100,1,0,0,0,1,0,1,0,0,1,0,0,0,0,0,1,0
288,2022,1,126000,1,100,1,0,0,0,1,0,1,0,0,1,0,0,0,0,0,1,0
289,2020,1,59303,0,100,0,0,0,1,0,0,1,0,0,0,1,0,0,0,0,0,1
290,2020,1,79833,0,50,0,0,1,0,0,0,1,0,0,0,1,0,0,0,1,0,0
291,2021,1,150000,1,0,1,0,0,0,1,0,1,0,0,1,0,0,0,0,1,0,0
292,2021,1,153000,1,100,1,0,0,0,1,0,1,0,0,1,0,0,0,0,1,0,0
293,2021,1,174000,1,100,1,0,0,0,1,0,1,0,0,1,0,0,0,0,1,0,0
294,2021,1,40189,0,100,0,0,0,1,0,0,1,0,0,0,1,0,0,0,0,1,0
295,2021,1,127221,0,50,0,0,0,0,1,0,1,0,0,0,0,0,0,1,1,0,0
296,2022,1,60000,0,100,0,0,0,0,1,0,1,0,0,1,0,0,0,0,1,0,0
297,2021,1,113476,0,100,0,0,0,0,1,0,1,0,0,0,0,1,0,0,0,1,0
298,2021,1,200000,1,100,1,0,0,0,1,0,1,0,0,1,0,0,0,0,1,0,0
299,2020,1,125000,0,50,0,0,0,0,1,0,1,0,0,1,0,0,0,0,0,0,1
300,2020,1,56000,0,100,1,0,0,1,0,0,1,0,0,1,0,0,0,0,0,1,0
301,2021,1,276000,1,0,1,0,0,0,1,0,1,0,0,1,0,0,0,0,1,0,0
302,2021,1,103160,0,100,0,0,0,0,1,0,1,0,0,0,0,1,0,0,0,0,1
303,2021,1,160000,0,50,1,0,0,0,1,0,1,0,0,1,0,0,0,0,0,0,1
304,2022,1,118187,0,100,0,0,1,0,0,0,1,0,0,0,0,0,0,1,0,0,1
305,2021,1,200000,1,100,1,0,0,0,1,0,1,0,0,1,0,0,0,0,0,1,0
306,2021,1,185000,1,100,1,0,0,0,1,0,1,0,0,1,0,0,0,0,1,0,0
307,2021,1,600000,1,100,1,0,1,0,0,0,1,0,0,1,0,0,0,0,1,0,0
308,2020,1,45896,0,50,0,1,0,0,0,0,0,1,0,0,0,0,0,1,0,0,1
309,2021,0,12000,0,100,1,1,0,0,0,0,0,1,0,1,0,0,0,0,0,0,1
310,2021,0,12000,0,100,1,1,0,0,0,0,0,1,0,1,0,0,0,0,0,1,0
311,2021,1,18053,0,100,0,1,0,0,0,0,0,1,0,0,0,0,1,0,0,0,1
312,2021,1,55000,0,100,0,0,0,0,1,0,0,1,0,1,0,0,0,0,1,0,0
313,2022,1,120000,1,0,1,0,0,1,0,0,0,1,0,1,0,0,0,0,0,1,0
314,2022,1,200000,0,100,1,0,0,1,0,0,0,1,0,1,0,0,0,0,1,0,0
315,2021,1,54238,0,50,0,0,0,1,0,0,0,1,0,0,0,0,0,1,1,0,0
316,2021,1,110037,0,0,0,1,0,0,0,0,0,1,0,0,0,1,0,0,1,0,0
317,2022,1,157000,1,100,1,0,0,1,0,0,0,1,0,1,0,0,0,0,1,0,0
318,2022,1,380000,1,100,1,0,0,0,1,0,0,1,0,1,0,0,0,0,1,0,0
319,2022,1,177000,1,100,1,0,0,0,1,0,0,1,0,1,0,0,0,0,1,0,0
320,2020,1,5707,0,50,0,1,0,0,0,0,0,1,0,0,0,0,1,0,0,1,0
321,2020,1,103000,1,100,1,0,0,1,0,0,0,1,0,1,0,0,0,0,1,0,0
322,2021,1,76833,0,100,0,1,0,0,0,0,0,1,0,0,1,0,0,0,0,0,1
323,2021,1,63831,0,50,0,1,0,0,0,0,0,1,0,0,1,0,0,0,1,0,0
324,2021,1,69741,0,100,0,0,1,0,0,0,0,1,0,0,1,0,0,0,0,0,1
325,2021,1,90000,1,100,1,1,0,0,0,0,0,1,0,1,0,0,0,0,0,0,1
326,2021,1,76833,0,0,0,1,0,0,0,0,0,1,0,0,1,0,0,0,1,0,0
327,2020,1,190200,1,100,1,0,0,0,1,0,0,1,0,1,0,0,0,0,0,1,0
328,2021,1,240000,1,0,1,0,0,0,1,0,0,1,0,1,0,0,0,0,1,0,0
329,2021,1,144000,1,100,1,0,0,0,1,0,0,1,0,1,0,0,0,0,1,0,0
330,2021,1,152000,1,100,0,0,0,0,1,0,0,1,0,1,0,0,0,0,1,0,0
331,2021,1,174000,1,100,1,0,0,0,1,0,0,1,0,1,0,0,0,0,1,0,0
332,2021,1,54094,0,50,1,0,0,0,1,0,0,1,0,0,0,0,1,0,1,0,0
333,2021,1,94665,0,50,0,0,0,0,1,0,0,1,0,0,0,0,1,0,1,0,0
334,2022,1,161342,1,100,1,0,0,0,1,0,0,1,0,1,0,0,0,0,0,1,0
335,2022,1,137141,1,100,1,0,0,0,1,0,0,1,0,1,0,0,0,0,0,1,0
336,2022,1,241000,1,100,1,0,0,1,0,0,0,1,0,1,0,0,0,0,0,1,0
337,2022,1,159000,1,100,1,0,0,1,0,0,0,1,0,1,0,0,0,0,0,1,0
338,2022,1,152500,1,100,1,0,0,0,1,0,0,1,0,1,0,0,0,0,0,1,0
339,2020,1,79833,0,0,0,0,0,1,0,0,0,1,0,0,1,0,0,0,1,0,0
340,2020,1,35735,0,50,0,0,0,1,0,0,0,1,0,0,0,0,0,1,1,0,0
341,2020,1,51321,0,0,0,1,0,0,0,0,0,1,0,0,1,0,0,0,0,0,1
342,2020,1,40481,0,0,0,0,0,1,0,0,0,1,0,0,0,0,1,0,1,0,0
343,2020,1,39916,0,0,0,1,0,0,0,0,0,1,0,0,1,0,0,0,0,1,0
344,2020,1,68428,0,100,1,0,0,0,1,0,0,1,0,0,1,0,0,0,1,0,0
345,2020,1,45760,0,100,1,0,0,1,0,0,0,1,0,1,0,0,0,0,0,0,1
346,2020,1,76958,0,100,0,0,0,1,0,0,0,1,0,0,0,1,0,0,0,0,1
347,2020,1,105000,1,100,1,0,0,1,0,0,0,1,0,1,0,0,0,0,1,0,0
348,2020,1,38776,0,100,0,0,0,1,0,0,0,1,0,0,1,0,0,0,0,1,0
349,2020,1,118000,1,100,1,0,0,1,0,0,0,1,0,1,0,0,0,0,0,1,0
350,2020,1,120000,1,50,1,0,0,0,1,0,0,1,0,1,0,0,0,0,1,0,0
351,2020,1,138350,1,100,1,0,0,1,0,0,0,1,0,1,0,0,0,0,0,1,0
352,2020,0,21669,0,50,0,1,0,0,0,0,0,1,0,0,1,0,0,0,0,0,1
353,2020,1,412000,1,100,1,0,0,0,1,0,0,1,0,1,0,0,0,0,1,0,0
354,2020,1,62726,0,50,0,1,0,0,0,0,0,1,0,0,1,0,0,0,0,0,1
355,2020,1,49268,0,0,0,1,0,0,0,0,0,1,0,0,1,0,0,0,0,0,1
356,2020,1,105000,1,100,1,1,0,0,0,0,0,1,0,1,0,0,0,0,0,0,1
357,2020,1,91237,0,0,0,0,0,0,1,0,0,1,0,0,1,0,0,0,0,0,1
358,2020,1,62726,0,50,0,0,0,1,0,0,0,1,0,0,1,0,0,0,0,0,1
359,2020,1,42197,0,50,0,0,0,1,0,0,0,1,0,0,1,0,0,0,0,0,1
360,2021,1,53192,0,50,0,0,0,0,1,0,0,1,0,0,1,0,0,0,1,0,0
361,2021,1,29751,0,50,0,1,0,0,0,0,0,1,0,0,0,0,1,0,1,0,0
362,2021,1,73000,1,0,1,0,0,1,0,0,0,1,0,1,0,0,0,0,1,0,0
363,2021,1,50000,0,100,0,0,0,1,0,0,0,1,0,1,0,0,0,0,1,0,0
364,2021,1,9466,0,0,0,0,0,1,0,0,0,1,0,0,0,0,1,0,0,0,1
365,2021,1,49646,0,50,0,1,0,0,0,0,0,1,0,0,1,0,0,0,0,1,0
366,2021,1,100000,1,0,1,1,0,0,0,0,0,1,0,1,0,0,0,0,0,0,1
367,2021,1,80000,1,100,1,1,0,0,0,0,0,1,0,1,0,0,0,0,0,1,0
368,2021,1,82500,1,100,1,0,0,1,0,0,0,1,0,1,0,0,0,0,0,0,1
369,2021,1,150000,1,100,1,0,0,1,0,0,0,1,0,1,0,0,0,0,0,1,0
370,2021,1,75774,0,100,0,0,0,1,0,0,0,1,0,0,0,0,0,1,1,0,0
371,2021,1,13400,0,100,0,1,0,0,0,0,0,1,0,1,0,0,0,0,1,0,0
372,2021,1,119059,0,100,0,0,0,1,0,0,0,1,0,0,0,0,0,1,0,1,0
373,2021,1,2859,0,0,0,0,0,1,0,0,0,1,0,0,0,0,0,1,0,0,1
374,2021,1,40038,0,100,0,0,0,1,0,0,0,1,0,0,0,0,0,1,1,0,0
375,2021,1,5679,0,100,1,0,0,1,0,0,0,1,0,0,0,0,1,0,0,0,1
376,2021,1,90734,0,50,0,0,0,1,0,0,0,1,0,0,1,0,0,0,1,0,0
377,2021,1,147000,1,50,1,0,0,1,0,0,0,1,0,1,0,0,0,0,1,0,0
378,2021,1,61467,0,50,0,0,0,1,0,0,0,1,0,0,1,0,0,0,0,1,0
379,2021,1,37825,0,100,0,0,0,1,0,0,0,1,0,0,1,0,0,0,1,0,0
380,2021,1,160000,1,100,1,0,0,1,0,0,0,1,0,1,0,0,0,0,1,0,0
381,2021,1,12901,0,0,0,0,0,1,0,0,0,1,0,0,0,0,0,1,0,0,1
382,2021,1,90734,0,50,0,0,0,1,0,0,0,1,0,0,1,0,0,0,1,0,0
383,2021,1,116914,0,50,0,0,0,1,0,0,0,1,0,0,0,1,0,0,1,0,0
384,2021,1,33808,0,0,0,0,0,1,0,0,0,1,0,0,0,0,1,0,0,1,0
385,2021,1,56256,0,50,0,0,0,1,0,0,0,1,0,0,0,1,0,0,1,0,0
386,2021,1,87738,0,100,0,0,0,0,1,0,0,1,0,0,0,0,0,1,0,0,1
387,2021,1,88654,0,50,0,0,0,1,0,0,0,1,0,0,1,0,0,0,1,0,0
388,2021,1,135000,1,0,1,0,0,0,1,0,0,1,0,1,0,0,0,0,1,0,0
389,2021,1,46809,0,100,0,0,0,1,0,0,0,1,0,0,1,0,0,0,0,1,0
390,2021,1,4000,0,0,0,1,0,0,0,0,0,1,0,1,0,0,0,0,0,1,0
391,2021,1,103691,0,100,0,0,0,0,1,0,0,1,0,0,0,0,0,1,1,0,0
392,2021,1,165000,1,100,1,0,0,0,1,0,0,1,0,1,0,0,0,0,1,0,0
393,2021,1,36643,0,50,0,1,0,0,0,0,0,1,0,0,1,0,0,0,1,0,0
394,2021,1,115000,1,50,1,0,0,1,0,0,0,1,0,1,0,0,0,0,1,0,0
395,2021,1,90000,1,100,1,1,0,0,0,0,0,1,0,1,0,0,0,0,0,0,1
396,2021,1,28399,0,100,0,1,0,0,0,0,0,1,0,0,0,0,1,0,0,1,0
397,2021,1,130000,1,50,1,0,0,1,0,0,0,1,0,1,0,0,0,0,1,0,0
398,2021,1,16904,0,100,0,0,0,1,0,0,0,1,0,0,0,0,1,0,0,0,1
399,2021,1,25532,0,100,0,0,0,1,0,0,0,1,0,0,1,0,0,0,0,0,1
400,2021,1,77684,0,50,0,0,0,0,1,0,0,1,0,0,1,0,0,0,0,1,0
401,2021,1,100000,1,100,1,1,0,0,0,0,0,1,0,1,0,0,0,0,0,1,0
402,2021,1,58000,1,50,1,1,0,0,0,0,0,1,0,1,0,0,0,0,1,0,0
403,2021,1,20171,0,50,0,0,0,0,1,0,0,1,0,0,0,0,0,1,1,0,0
404,2021,1,109000,1,50,1,0,0,1,0,0,0,1,0,1,0,0,0,0,1,0,0
405,2022,1,130000,1,0,1,0,0,1,0,0,0,1,0,1,0,0,0,0,0,1,0
406,2022,1,90000,1,0,1,0,0,1,0,0,0,1,0,1,0,0,0,0,0,1,0
407,2022,1,136620,1,100,1,0,0,0,1,0,0,1,0,1,0,0,0,0,0,1,0
408,2022,1,99360,1,100,1,0,0,0,1,0,0,1,0,1,0,0,0,0,0,1,0
409,2022,1,117789,0,0,0,0,0,0,1,0,0,1,0,0,0,1,0,0,0,1,0
410,2022,1,104702,0,0,0,0,0,0,1,0,0,1,0,0,0,1,0,0,0,1,0
411,2022,1,146000,1,100,1,0,0,0,1,0,0,1,0,1,0,0,0,0,0,1,0
412,2022,1,123000,1,100,1,0,0,0,1,0,0,1,0,1,0,0,0,0,0,1,0
413,2022,1,65438,0,0,0,0,0,1,0,0,0,1,0,0,0,1,0,0,0,1,0
414,2022,1,39263,0,0,0,0,0,1,0,0,0,1,0,0,0,1,0,0,0,1,0
415,2022,1,165220,1,100,1,0,0,0,1,0,0,1,0,1,0,0,0,0,0,1,0
416,2022,1,120160,1,100,1,0,0,0,1,0,0,1,0,1,0,0,0,0,0,1,0
417,2022,1,180000,1,0,1,0,0,0,1,0,0,1,0,1,0,0,0,0,1,0,0
418,2022,1,120000,1,0,1,0,0,0,1,0,0,1,0,1,0,0,0,0,1,0,0
419,2022,1,95550,1,0,1,0,0,0,1,0,0,1,0,1,0,0,0,0,0,1,0
420,2022,1,167000,1,100,1,0,0,0,1,0,0,1,0,1,0,0,0,0,0,1,0
421,2022,1,123000,1,100,1,0,0,0,1,0,0,1,0,1,0,0,0,0,0,1,0
422,2022,1,150000,1,0,1,0,0,0,1,0,0,1,0,1,0,0,0,0,0,1,0
423,2022,1,211500,1,100,1,0,0,0,1,0,0,1,0,1,0,0,0,0,0,1,0
424,2022,1,138600,1,100,1,0,0,0,1,0,0,1,0,1,0,0,0,0,0,1,0
425,2022,1,170000,1,100,1,0,0,0,1,0,0,1,0,1,0,0,0,0,0,1,0
426,2022,1,123000,1,100,1,0,0,0,1,0,0,1,0,1,0,0,0,0,0,1,0
427,2022,1,215300,1,100,1,0,0,0,1,0,0,1,0,1,0,0,0,0,1,0,0
428,2022,1,158200,1,100,1,0,0,0,1,0,0,1,0,1,0,0,0,0,1,0,0
429,2022,1,180000,1,100,1,0,0,0,1,0,0,1,0,1,0,0,0,0,0,1,0
430,2022,1,71982,0,0,0,0,0,1,0,0,0,1,0,0,0,1,0,0,0,1,0
431,2022,1,45807,0,0,0,0,0,1,0,0,0,1,0,0,0,1,0,0,0,1,0
432,2022,1,260000,1,100,1,0,0,0,1,0,0,1,0,1,0,0,0,0,0,1,0
433,2022,1,180000,1,0,1,0,0,0,1,0,0,1,0,1,0,0,0,0,0,1,0
434,2022,1,80000,1,0,1,0,0,0,1,0,0,1,0,1,0,0,0,0,0,1,0
435,2022,1,140400,1,0,1,0,0,0,1,0,0,1,0,1,0,0,0,0,1,0,0
436,2022,1,215300,1,0,1,0,0,0,1,0,0,1,0,1,0,0,0,0,1,0,0
437,2022,1,31615,0,100,0,0,0,1,0,0,0,1,0,0,0,0,1,0,1,0,0
438,2022,1,18442,0,100,0,1,0,0,0,0,0,1,0,0,0,0,1,0,0,1,0
439,2022,1,104890,1,100,1,0,0,0,1,0,0,1,0,1,0,0,0,0,0,1,0
440,2022,1,140000,1,100,1,0,0,0,1,0,0,1,0,1,0,0,0,0,0,1,0
441,2022,1,220000,1,100,1,0,0,0,1,0,0,1,0,1,0,0,0,0,0,1,0
442,2022,1,140000,1,100,1,0,0,0,1,0,0,1,0,1,0,0,0,0,0,1,0
443,2022,1,183228,0,0,0,0,0,1,0,0,0,1,0,0,0,1,0,0,0,1,0
444,2022,1,91614,0,0,0,0,0,1,0,0,0,1,0,0,0,1,0,0,0,1,0
445,2022,1,185100,1,100,1,0,0,0,1,0,0,1,0,1,0,0,0,0,0,1,0
446,2022,1,200000,1,100,1,0,0,1,0,0,0,1,0,1,0,0,0,0,0,1,0
447,2022,1,120000,1,100,1,0,0,1,0,0,0,1,0,1,0,0,0,0,0,1,0
448,2022,1,230000,1,100,1,0,0,0,1,0,0,1,0,1,0,0,0,0,0,1,0
449,2022,0,100000,0,50,0,1,0,0,0,0,0,1,0,1,0,0,0,0,0,1,0
450,2022,0,100000,0,100,1,0,0,1,0,0,0,1,0,1,0,0,0,0,0,1,0
451,2022,1,35590,0,100,0,0,0,1,0,0,0,1,0,0,0,0,0,1,1,0,0
452,2022,1,100000,0,100,1,0,0,0,1,0,0,1,0,1,0,0,0,0,0,1,0
453,2022,1,165000,1,100,1,0,0,0,1,0,0,1,0,1,0,0,0,0,0,1,0
454,2022,1,52396,0,100,0,1,0,0,0,0,0,1,0,0,0,0,0,1,1,0,0
455,2022,1,40000,0,100,0,1,0,0,0,0,0,1,0,1,0,0,0,0,1,0,0
456,2022,1,86703,0,50,0,1,0,0,0,0,0,1,0,0,0,0,0,1,0,1,0
457,2022,1,48000,0,100,1,0,0,1,0,0,0,1,0,1,0,0,0,0,0,0,1
458,2022,1,122346,0,0,0,0,0,1,0,0,0,1,0,0,0,0,0,1,1,0,0
459,2022,1,69336,0,100,0,0,0,1,0,0,0,1,0,0,0,0,0,1,0,1,0
460,2022,1,135000,1,100,1,0,0,1,0,0,0,1,0,1,0,0,0,0,1,0,0
461,2022,1,78000,1,100,1,0,0,1,0,0,0,1,0,1,0,0,0,0,0,1,0
462,2022,1,141300,1,0,1,0,0,1,0,0,0,1,0,1,0,0,0,0,0,1,0
463,2022,1,102100,1,0,1,0,0,1,0,0,0,1,0,1,0,0,0,0,0,1,0
464,2022,1,205300,1,0,1,0,0,0,1,0,0,1,0,1,0,0,0,0,1,0,0
465,2022,1,140400,1,0,1,0,0,0,1,0,0,1,0,1,0,0,0,0,1,0,0
466,2022,1,176000,1,100,1,0,0,0,1,0,0,1,0,1,0,0,0,0,0,1,0
467,2022,1,144000,1,100,1,0,0,0,1,0,0,1,0,1,0,0,0,0,0,1,0
468,2022,1,205300,1,0,1,0,0,0,1,0,0,1,0,1,0,0,0,0,0,1,0
469,2022,1,140400,1,0,1,0,0,0,1,0,0,1,0,1,0,0,0,0,0,1,0
470,2022,1,140000,1,100,1,0,0,0,1,0,0,1,0,1,0,0,0,0,0,1,0
471,2022,1,210000,1,100,1,0,0,0,1,0,0,1,0,1,0,0,0,0,0,1,0
472,2022,1,140000,1,100,1,0,0,0,1,0,0,1,0,1,0,0,0,0,0,1,0
473,2022,1,210000,1,100,1,0,0,0,1,0,0,1,0,1,0,0,0,0,0,1,0
474,2022,1,140000,1,100,1,0,0,0,1,0,0,1,0,1,0,0,0,0,0,1,0
475,2022,1,210000,1,100,1,0,0,0,1,0,0,1,0,1,0,0,0,0,0,1,0
476,2022,1,140000,1,100,1,0,0,0,1,0,0,1,0,1,0,0,0,0,0,1,0
477,2022,1,230000,1,100,1,0,0,0,1,0,0,1,0,1,0,0,0,0,0,1,0
478,2022,1,150000,1,100,1,0,0,0,1,0,0,1,0,1,0,0,0,0,0,1,0
479,2022,1,210000,1,100,1,0,0,0,1,0,0,1,0,1,0,0,0,0,0,1,0
480,2022,1,160000,1,100,1,0,0,1,0,0,0,1,0,1,0,0,0,0,0,1,0
481,2022,1,130000,1,100,1,0,0,1,0,0,0,1,0,1,0,0,0,0,0,1,0
482,2021,1,165000,1,100,1,0,0,0,1,0,0,1,0,1,0,0,0,0,1,0,0
483,2020,1,325000,1,100,1,0,1,0,0,0,0,1,0,1,0,0,0,0,1,0,0
484,2021,1,153667,0,100,0,0,1,0,0,0,0,1,0,0,1,0,0,0,1,0,0
485,2021,1,168000,0,0,0,0,0,0,1,0,0,1,0,1,0,0,0,0,0,0,1
486,2021,1,130026,0,50,0,0,1,0,0,0,0,1,0,0,1,0,0,0,0,1,0
487,2021,1,250000,1,0,1,0,1,0,0,0,0,1,0,1,0,0,0,0,1,0,0
488,2021,1,141846,0,0,0,0,1,0,0,0,0,1,0,0,1,0,0,0,1,0,0
489,2022,1,196979,0,50,0,0,1,0,0,0,0,1,0,0,0,0,0,1,1,0,0
490,2021,1,235000,1,100,1,0,1,0,0,0,0,1,0,1,0,0,0,0,1,0,0
491,2021,1,230000,0,50,0,0,1,0,0,0,0,1,0,1,0,0,0,0,1,0,0
492,2021,1,102839,0,100,0,0,0,0,1,0,0,1,0,0,1,0,0,0,1,0,0
493,2022,1,200000,0,100,1,0,0,0,1,0,0,1,0,1,0,0,0,0,0,1,0
494,2022,1,32974,0,100,0,0,0,1,0,0,0,1,0,0,1,0,0,0,0,0,1
495,2021,1,85000,0,0,0,0,1,0,0,0,0,1,0,1,0,0,0,0,0,1,0
496,2021,1,110000,1,0,1,0,0,1,0,0,0,1,0,1,0,0,0,0,0,0,1
497,2022,1,224000,1,100,1,0,1,0,0,0,0,1,0,1,0,0,0,0,0,1,0
498,2022,1,167875,1,100,1,0,1,0,0,0,0,1,0,1,0,0,0,0,0,1,0
499,2020,1,190000,1,100,1,0,0,0,1,0,0,1,0,1,0,0,0,0,0,0,1
500,2020,1,115000,0,0,0,0,0,1,0,0,0,1,0,1,0,0,0,0,1,0,0
501,2021,1,40570,0,50,0,0,0,0,1,0,0,1,0,0,0,0,1,0,1,0,0
502,2020,1,148261,0,100,0,0,0,0,1,0,0,1,0,0,1,0,0,0,0,1,0
503,2021,1,151000,1,100,1,0,0,1,0,0,0,1,0,1,0,0,0,0,1,0,0
504,2021,1,220000,1,0,1,0,0,0,1,0,0,1,0,1,0,0,0,0,1,0,0
505,2021,1,235000,1,100,1,0,0,0,1,0,0,1,0,1,0,0,0,0,1,0,0
506,2021,0,416000,1,100,1,0,1,0,0,0,0,1,0,1,0,0,0,0,0,0,1
507,2021,1,173762,0,100,0,0,0,0,1,0,0,1,0,0,1,0,0,0,0,1,0
508,2022,1,162674,0,100,0,0,0,0,1,0,0,1,0,0,1,0,0,0,0,1,0
509,2020,1,42000,0,50,0,1,0,0,0,0,0,1,0,1,0,0,0,0,1,0,0
510,2020,1,450000,1,0,1,0,0,1,0,0,0,1,0,1,0,0,0,0,0,1,0
511,2021,1,82528,0,50,0,1,0,0,0,0,0,1,0,0,0,1,0,0,1,0,0
512,2021,1,187442,0,100,0,0,0,1,0,0,0,1,0,0,0,0,0,1,1,0,0
513,2021,1,62649,0,50,0,0,0,1,0,0,0,1,0,0,1,0,0,0,0,1,0
514,2021,1,60757,0,50,0,0,0,0,1,0,0,1,0,0,1,0,0,0,1,0,0
515,2021,1,96113,0,50,0,0,0,0,1,0,0,1,0,0,0,0,0,1,1,0,0
516,2021,1,50000,0,100,1,0,0,0,1,0,0,1,0,1,0,0,0,0,0,0,1
517,2021,1,56738,0,50,0,0,0,1,0,0,0,1,0,0,1,0,0,0,0,0,1
518,2021,1,63810,0,100,0,0,0,1,0,0,0,1,0,0,0,0,0,1,0,1,0
519,2021,1,100000,0,0,0,1,0,0,0,0,0,1,0,1,0,0,0,0,1,0,0
520,2021,1,69999,0,50,0,0,0,1,0,0,0,1,0,1,0,0,0,0,1,0,0
521,2022,1,144000,1,50,1,0,0,0,1,0,0,1,0,1,0,0,0,0,1,0,0
522,2022,1,93427,0,50,0,0,0,0,1,0,0,1,0,0,1,0,0,0,1,0,0
523,2022,1,64849,0,0,0,0,0,1,0,0,0,1,0,0,1,0,0,0,1,0,0
524,2022,1,120000,1,100,1,1,0,0,0,0,0,1,0,1,0,0,0,0,1,0,0
525,2021,0,105000,1,100,1,0,0,0,1,0,0,1,0,1,0,0,0,0,0,1,0
526,2021,1,38400,0,100,1,0,0,1,0,0,0,0,1,1,0,0,0,0,0,1,0
527,2021,1,423000,1,50,1,0,0,1,0,0,0,0,1,1,0,0,0,0,1,0,0
528,2022,0,31875,0,100,0,1,0,0,0,0,0,0,1,0,1,0,0,0,0,1,0
529,2022,1,75000,0,100,1,0,0,1,0,0,0,0,1,1,0,0,0,0,1,0,0
530,2022,1,79039,0,50,0,0,1,0,0,0,0,0,1,0,0,0,1,0,1,0,0
531,2022,1,87932,0,0,0,0,0,0,1,0,0,0,1,0,1,0,0,0,0,1,0
532,2021,1,100000,0,50,0,1,0,0,0,0,0,0,1,1,0,0,0,0,0,0,1
533,2022,1,78791,0,100,0,0,0,1,0,0,0,0,1,0,0,0,0,1,0,1,0
534,2022,1,78791,0,100,0,0,0,0,1,0,0,0,1,0,0,0,0,1,0,1,0
535,2020,1,150000,1,50,1,0,0,0,1,0,0,0,1,1,0,0,0,0,1,0,0
536,2020,1,43331,0,0,0,0,0,1,0,0,0,0,1,0,0,0,0,1,0,1,0
537,2020,1,250000,1,50,1,1,0,0,0,0,0,0,1,1,0,0,0,0,1,0,0
538,2020,1,138000,1,100,1,1,0,0,0,0,0,0,1,1,0,0,0,0,0,0,1
539,2020,1,45618,0,100,0,0,0,0,1,0,0,0,1,0,1,0,0,0,0,0,1
540,2021,1,47282,0,100,0,0,0,1,0,0,0,0,1,0,1,0,0,0,0,0,1
541,2021,1,94564,0,50,0,0,0,0,1,0,0,0,1,0,1,0,0,0,1,0,0
542,2021,1,20000,0,100,0,1,0,0,0,0,0,0,1,1,0,0,0,0,0,0,1
543,2021,1,82744,0,50,0,0,0,0,1,0,0,0,1,0,1,0,0,0,0,1,0
544,2021,1,125000,1,100,1,1,0,0,0,0,0,0,1,1,0,0,0,0,0,0,1
545,2021,1,81000,1,50,1,1,0,0,0,0,0,0,1,1,0,0,0,0,0,0,1
546,2021,1,74000,0,50,0,0,0,1,0,0,0,0,1,1,0,0,0,0,0,0,1
547,2021,1,21844,0,50,0,1,0,0,0,0,0,0,1,1,0,0,0,0,0,1,0
548,2021,1,24342,0,100,0,0,0,0,1,0,0,0,1,0,0,0,1,0,1,0,0
549,2021,1,200000,1,100,1,0,0,0,1,0,0,0,1,1,0,0,0,0,1,0,0
550,2021,1,24823,0,50,0,0,0,1,0,0,0,0,1,0,1,0,0,0,1,0,0
551,2021,1,24823,0,50,0,1,0,0,0,0,0,0,1,0,1,0,0,0,0,1,0
552,2021,1,88654,0,100,0,0,0,1,0,0,0,0,1,0,1,0,0,0,0,1,0
553,2021,1,46597,0,100,0,0,0,1,0,0,0,0,1,0,0,0,0,1,1,0,0
554,2021,1,185000,1,50,1,0,0,0,1,0,0,0,1,1,0,0,0,0,1,0,0
555,2021,1,66265,0,0,0,0,0,0,1,0,0,0,1,0,0,0,1,0,1,0,0
556,2021,1,85000,0,100,0,1,0,0,0,0,0,0,1,1,0,0,0,0,0,0,1
557,2021,1,51064,0,50,0,0,0,1,0,0,0,0,1,0,1,0,0,0,1,0,0
558,2022,1,189650,1,0,1,0,0,0,1,0,0,0,1,1,0,0,0,0,0,1,0
559,2022,1,164996,1,0,1,0,0,0,1,0,0,0,1,1,0,0,0,0,0,1,0
560,2022,1,37300,0,100,0,1,0,0,0,0,0,0,1,0,0,1,0,0,1,0,0
561,2022,1,124333,0,0,0,0,0,1,0,0,0,0,1,0,0,1,0,0,0,1,0
562,2022,1,98158,0,0,0,0,0,1,0,0,0,0,1,0,0,1,0,0,0,1,0
563,2022,1,87932,0,100,0,0,0,1,0,0,0,0,1,0,1,0,0,0,0,1,0
564,2022,1,189650,1,0,1,0,0,0,1,0,0,0,1,1,0,0,0,0,0,1,0
565,2022,1,164996,1,0,1,0,0,0,1,0,0,0,1,1,0,0,0,0,0,1,0
566,2022,1,120000,1,100,1,0,0,1,0,0,0,0,1,1,0,0,0,0,0,0,1
567,2022,1,220000,1,100,1,0,0,0,1,0,0,0,1,1,0,0,0,0,0,1,0
568,2022,1,120000,0,100,0,0,0,0,1,0,0,0,1,1,0,0,0,0,0,0,1
569,2022,1,65000,0,100,0,0,0,0,1,0,0,0,1,1,0,0,0,0,0,0,1
570,2022,1,120000,1,100,1,0,0,0,1,0,0,0,1,1,0,0,0,0,0,1,0
571,2022,1,62651,0,100,0,0,0,0,1,0,0,0,1,0,1,0,0,0,1,0,0
572,2022,1,87425,0,100,0,0,0,1,0,0,0,0,1,0,0,0,0,1,1,0,0
573,2022,1,71444,0,100,0,0,0,0,1,0,0,0,1,0,1,0,0,0,0,0,1
574,2022,1,214000,1,100,1,0,0,0,1,0,0,0,1,1,0,0,0,0,0,1,0
575,2022,1,192600,1,100,1,0,0,0,1,0,0,0,1,1,0,0,0,0,0,1,0
576,2020,1,50180,0,0,0,0,0,1,0,0,0,0,1,0,1,0,0,0,0,1,0
577,2021,1,195000,1,100,1,0,0,0,1,0,0,0,1,1,0,0,0,0,0,1,0
578,2022,1,58255,0,50,0,0,0,1,0,0,0,0,1,0,1,0,0,0,1,0,0
579,2020,1,117104,0,50,0,0,0,0,1,0,0,0,1,0,0,0,0,1,1,0,0
580,2020,1,260000,0,0,0,0,0,0,1,0,0,0,1,1,0,0,0,0,0,0,1
581,2021,1,225000,1,100,1,1,0,0,0,0,0,0,1,1,0,0,0,0,1,0,0
582,2021,1,120000,1,50,1,0,0,0,1,0,0,0,1,1,0,0,0,0,0,0,1
583,2021,0,12000,0,50,0,0,0,1,0,0,0,0,1,1,0,0,0,0,0,1,0
584,2021,1,225000,1,100,0,0,0,0,1,0,0,0,1,1,0,0,0,0,1,0,0
585,2022,1,160000,1,100,1,0,0,1,0,0,0,0,1,1,0,0,0,0,1,0,0
586,2022,1,112300,1,100,1,0,0,1,0,0,0,0,1,1,0,0,0,0,1,0,0
587,2022,1,153000,1,50,1,0,0,1,0,0,0,0,1,1,0,0,0,0,0,1,0
588,2020,0,15966,0,100,0,1,0,0,0,0,0,0,1,0,1,0,0,0,0,0,1
589,2021,0,270000,1,100,1,0,0,1,0,0,0,0,1,1,0,0,0,0,1,0,0
590,2021,1,63711,0,50,0,0,0,1,0,0,0,0,1,0,0,0,0,1,0,0,1
591,2021,1,77364,0,50,0,0,0,1,0,0,0,0,1,0,0,0,0,1,0,0,1
592,2021,1,256000,1,100,1,0,0,0,1,0,0,0,1,1,0,0,0,0,0,0,1
593,2022,1,21983,0,100,0,1,0,0,0,0,0,0,1,0,1,0,0,0,1,0,0
594,2020,0,60000,0,100,1,0,0,0,1,0,0,0,1,1,0,0,0,0,0,0,1
595,2021,1,24000,0,100,0,0,0,0,1,0,0,0,1,1,0,0,0,0,0,1,0
596,2021,0,28609,0,50,0,1,0,0,0,0,0,0,1,0,0,0,0,1,0,0,1
597,2021,1,18907,0,0,0,0,0,0,1,0,0,0,1,0,0,0,0,1,0,1,0
598,2022,1,125000,1,0,1,1,0,0,0,0,0,0,1,1,0,0,0,0,0,1,0
599,2022,1,10000,0,100,0,1,0,0,0,0,0,0,1,1,0,0,0,0,0,1,0
600,2021,1,70000,1,100,1,1,0,0,0,0,0,0,1,1,0,0,0,0,0,1,0
601,2021,1,95746,0,100,1,0,0,1,0,0,0,0,1,0,1,0,0,0,0,0,1
602,2022,1,150000,0,100,0,1,0,0,0,0,0,0,1,1,0,0,0,0,0,0,1
603,2022,1,54957,0,0,0,0,0,1,0,0,0,0,1,0,1,0,0,0,0,1,0
604,2022,1,54957,0,0,0,0,0,1,0,0,0,0,1,0,1,0,0,0,0,1,0
605,2022,1,37236,1,50,1,0,0,1,0,0,0,0,1,0,0,0,0,1,1,0,0
